{"cameraMode":{"drawMode":0,"name":"Shaded","section":"Shading Mode"},"sceneLighting":false,"audioPlay":true,"sceneViewState":{"m_AlwaysRefresh":false,"showFog":true,"showSkybox":false,"showFlares":true,"showImageEffects":true,"showParticleSystems":true,"showVisualEffectGraphs":true,"m_FxEnabled":true},"in2DMode":false,"pivot":{"x":0.0539419949054718,"y":0.12688973546028138,"z":-1.4850482940673829},"rotation":{"x":0.16064918041229249,"y":0.08908043056726456,"z":-0.014530498534440995,"w":0.9829604029655457},"size":0.5714142322540283,"orthographic":false}