{"cameraMode":{"drawMode":0,"name":"Shaded","section":"Shading Mode"},"sceneLighting":false,"audioPlay":true,"sceneViewState":{"m_AlwaysRefresh":false,"showFog":true,"showSkybox":false,"showFlares":true,"showImageEffects":true,"showParticleSystems":true,"showVisualEffectGraphs":true,"m_FxEnabled":true},"in2DMode":false,"pivot":{"x":0.02613126114010811,"y":0.014488214626908303,"z":-0.10136617720127106},"rotation":{"x":-0.004565637093037367,"y":0.9901928305625916,"z":0.03419387340545654,"w":0.1359422206878662},"size":0.3622666001319885,"orthographic":false}